{
  "project_info": {
    "project_number": "562216767273",
    "project_id": "cloudnotes-3343e",
    "storage_bucket": "cloudnotes-3343e.firebasestorage.app"
  },
  "client": [
    {
      "client_info": {
        "mobilesdk_app_id": "1:562216767273:android:b6b40f8ba48d36fa7db138",
        "android_client_info": {
          "package_name": "com.example.cloudnotes"
        }
      },
      "oauth_client": [],
      "api_key": [
        {
          "current_key": "AIzaSyD3egx5nQzyS4fmmyJfQJaK5q_K1vAzPzw"
        }
      ],
      "services": {
        "appinvite_service": {
          "other_platform_oauth_client": []
        }
      }
    }
  ],
  "configuration_version": "1"
}